",,,777,7,catalog/unixml/965/499072100/komplekt_videonablyudeniya_hikvision_light_3_8.jpg,975,14450.0000,""0000-00-00 00:00:00"",,,11140,""Комплекты видеонаблюдения"",Hikvision"
",,,777,7,catalog/unixml/965/499072099/komplekt_videonablyudeniya_hikvision_light_3_4.jpg,975,8891.0000,""0000-00-00 00:00:00"",,,11140,""Комплекты видеонаблюдения"",Hikvision"
",,,777,7,catalog/unixml/965/499072098/komplekt_videonablyudeniya_hikvision_light_3_2.jpg,975,6956.0000,""0000-00-00 00:00:00"",,,11140,""Комплекты видеонаблюдения"",Hikvision"
",,,777,7,catalog/unixml/965/499072097/komplekt_videonablyudeniya_hikvision_light_3_1.jpg,975,5989.0000,""0000-00-00 00:00:00"",,,11140,""Комплекты видеонаблюдения"",Hikvision"
",,,777,7,catalog/unixml/965/499072096/komplekt_videonablyudeniya_hikvision_standart_4_4.jpg,975,12799.0000,""0000-00-00 00:00:00"",,,11140,""Комплекты видеонаблюдения"",Hikvision"
",,,777,7,catalog/unixml/965/499072095/komplekt_videonablyudeniya_hikvision_standart_4_2.jpg,975,11095.0000,""0000-00-00 00:00:00"",,,11140,""Комплекты видеонаблюдения"",Hikvision"
",,,777,7,catalog/unixml/965/499072094/komplekt_videonablyudeniya_hikvision_standart_4_1.jpg,975,8861.0000,""0000-00-00 00:00:00"",,,11140,""Комплекты видеонаблюдения"",Hikvision"
",,,777,7,catalog/unixml/965/499072093/komplekt_videonablyudeniya_dahua_standart_1_8.jpg,974,18462.0000,""0000-00-00 00:00:00"",,,11140,""Комплекты видеонаблюдения"",""Dahua Technology"""
",,,777,7,catalog/unixml/965/499072092/komplekt_videonablyudeniya_dahua_standart_1_4.jpg,974,10942.0000,""0000-00-00 00:00:00"",,,11140,""Комплекты видеонаблюдения"",""Dahua Technology"""
",,,777,7,catalog/unixml/965/499072091/komplekt_videonablyudeniya_dahua_standart_1_2.jpg,974,7740.0000,""0000-00-00 00:00:00"",,,11140,""Комплекты видеонаблюдения"",""Dahua Technology"""
